<?xml version="1.0"?>
<pagescount>
	<html_total>2</html_total>
	<html_done>1</html_done>
	<images>99</images>
	<script>3</script>
	<css>1</css>
	<pdf/>
	<documents/>
	<excel/>
	<powerpoint/>
	<flash/>
	<audios/>
	<videos/>
	<xml/>
	<json/>
	<txt/>
	<autocad/>
	<model_3d/>
	<fonts>1</fonts>
	<scraping_reload>1</scraping_reload>
	<is_pretty_url>false</is_pretty_url>
	<has_trailing_slash>false</has_trailing_slash>
	<is_ebn>false</is_ebn>
	<email>abc@abc.com</email>
	<theme_name>WmdTheme897047</theme_name>
	<server_url_front_page>https://www6.waybackmachinedownloader.com/wdo/files/demo/recapafteruse.co.uk_abc_abc.com_8oihzd92l6/</server_url_front_page>
	<no_www_url>recapafteruse.co.uk</no_www_url>
	<hosted_domain/>
	<original_archive_url>https://www.recapafteruse.co.uk</original_archive_url>
	<final_archive_url>https://www.recapafteruse.co.uk/</final_archive_url>
	<front_page_code_date/>
	<total_urls_from_api/>
	<max_reached_live>false</max_reached_live>
	<scrape_other_captures>false</scrape_other_captures>
	<total_size>21924</total_size>
</pagescount>
